{"kind":"APIResourceList","apiVersion":"v1","groupVersion":"networking.gke.io/v1beta1","resources":[{"name":"managedcertificates","singularName":"managedcertificate","namespaced":true,"kind":"ManagedCertificate","verbs":["delete","deletecollection","get","list","patch","create","update","watch"],"shortNames":["mcrt"],"storageVersionHash":"FD3rYAFSqMY="},{"name":"frontendconfigs","singularName":"frontendconfig","namespaced":true,"kind":"FrontendConfig","verbs":["delete","deletecollection","get","list","patch","create","update","watch"],"storageVersionHash":"VvPxTD2ZFfI="},{"name":"servicenetworkendpointgroups","singularName":"servicenetworkendpointgroup","namespaced":true,"kind":"ServiceNetworkEndpointGroup","verbs":["delete","deletecollection","get","list","patch","create","update","watch"],"shortNames":["svcneg"],"storageVersionHash":"jrELN7g4fSY="},{"name":"serviceattachments","singularName":"serviceattachment","namespaced":true,"kind":"ServiceAttachment","verbs":["delete","deletecollection","get","list","patch","create","update","watch"],"storageVersionHash":"fHhbo7X04O8="}]}
