{"kind":"APIResourceList","apiVersion":"v1","groupVersion":"migration.k8s.io/v1alpha1","resources":[{"name":"storageversionmigrations","singularName":"storageversionmigration","namespaced":false,"kind":"StorageVersionMigration","verbs":["delete","deletecollection","get","list","patch","create","update","watch"],"storageVersionHash":"X3bkZSayqxI="},{"name":"storageversionmigrations/status","singularName":"","namespaced":false,"kind":"StorageVersionMigration","verbs":["get","patch","update"]},{"name":"storagestates","singularName":"storagestate","namespaced":false,"kind":"StorageState","verbs":["delete","deletecollection","get","list","patch","create","update","watch"],"storageVersionHash":"7abAo0yHdNM="},{"name":"storagestates/status","singularName":"","namespaced":false,"kind":"StorageState","verbs":["get","patch","update"]}]}
